id,first_name,last_name,email,gender,ip_address,created_at
1,Mitzi,Coldham,mcoldham0@1und1.de,Female,225.153.11.52,7/23/2024
2,Josepha,Hutchcraft,jhutchcraft1@huffingtonpost.com,Female,42.200.189.196,6/25/2024
3,Sharona,Tudhope,studhope2@twitter.com,Female,49.3.75.224,11/15/2024
4,Leupold,Wragg,lwragg3@diigo.com,Male,82.164.34.55,9/11/2024
5,Jarad,Duchart,jduchart4@bluehost.com,Male,100.146.139.80,8/10/2024
6,Derry,Shillam,dshillam5@goo.gl,Genderfluid,163.88.36.44,11/29/2024
7,Karil,Seefeldt,kseefeldt6@blogspot.com,Female,203.108.117.216,2/21/2025
8,Hestia,Caudwell,hcaudwell7@latimes.com,Genderfluid,21.136.160.207,8/1/2024
9,Corena,Reck,creck8@godaddy.com,Female,81.49.65.12,4/18/2024
10,Rochette,Wraggs,rwraggs9@sun.com,Female,186.246.75.91,7/28/2024
11,Alysa,Arniz,aarniza@hud.gov,Female,131.55.202.109,11/10/2024
12,Juana,Rowlinson,jrowlinsonb@technorati.com,Female,190.214.125.191,3/24/2025
13,Tanya,Sullivan,tsullivanc@google.it,Female,68.67.77.207,5/6/2024
14,Robert,Schuricke,rschuricked@joomla.org,Male,84.203.5.19,2/5/2025
15,Lulu,Antoons,lantoonse@cafepress.com,Female,240.198.118.0,5/18/2024
16,Giovanna,Arpe,garpef@digg.com,Female,64.95.86.37,8/4/2024
17,Lela,Hatchette,lhatchetteg@ucsd.edu,Female,212.161.117.30,11/16/2024
18,Rosanne,Sholem,rsholemh@google.co.jp,Female,69.200.236.0,8/12/2024
19,Dick,Ethelstone,dethelstonei@ow.ly,Male,131.97.152.253,3/16/2025
20,Moreen,Abele,mabelej@uol.com.br,Female,114.205.20.90,8/8/2024
21,Martin,Cornewell,mcornewellk@dot.gov,Male,7.108.242.138,12/13/2024
22,Aarika,Frankcom,afrankcoml@foxnews.com,Agender,89.11.35.146,2/6/2025
23,Alissa,Camidge,acamidgem@tuttocitta.it,Female,15.37.25.147,3/17/2025
24,Valentin,MacTrustam,vmactrustamn@vistaprint.com,Male,118.147.198.133,11/26/2024
25,Ave,Wasmuth,awasmutho@1688.com,Male,177.219.211.187,2/17/2025
26,Ichabod,Barajaz,ibarajazp@cnn.com,Male,8.179.210.31,12/28/2024
27,Muffin,Yoodall,myoodallq@wikispaces.com,Male,61.115.231.114,5/11/2024
28,Glenine,Northwood,gnorthwoodr@hostgator.com,Female,169.164.16.225,9/25/2024
29,Meade,O'Flannery,moflannerys@walmart.com,Male,55.204.255.6,11/9/2024
30,Hugibert,Tulleth,htulletht@cisco.com,Male,53.91.213.117,5/22/2024
31,Annis,Sargood,asargoodu@cyberchimps.com,Female,145.73.159.130,11/17/2024
32,Sande,Howey,showeyv@goo.ne.jp,Female,76.5.197.183,2/27/2025
33,Ursula,Robertson,urobertsonw@jiathis.com,Female,80.220.161.33,11/5/2024
34,Darcy,Gyer,dgyerx@pbs.org,Female,6.161.112.162,7/5/2024
35,Gaspard,Seller,gsellery@goo.gl,Male,190.8.182.180,2/3/2025
36,Anneliese,Lackner,alacknerz@mapy.cz,Genderqueer,217.124.230.67,6/21/2024
37,Janet,Geraldo,jgeraldo10@nydailynews.com,Female,59.153.200.43,12/27/2024
38,Terri,Gullberg,tgullberg11@kickstarter.com,Male,140.211.235.253,5/27/2024
39,Marti,Blaxall,mblaxall12@e-recht24.de,Bigender,29.187.186.64,1/1/2025
40,Joye,Berthot,jberthot13@gov.uk,Non-binary,24.109.61.0,12/25/2024
41,Jareb,Le Blond,jleblond14@com.com,Genderfluid,218.79.183.57,3/5/2025
42,Anni,Kee,akee15@samsung.com,Female,90.43.186.84,7/27/2024
43,Ardra,Dutton,adutton16@cloudflare.com,Female,132.171.253.152,12/1/2024
44,Nomi,Guillotin,nguillotin17@globo.com,Female,98.187.46.28,2/25/2025
45,Ruthann,Gun,rgun18@google.pl,Female,133.255.26.68,8/1/2024
46,Aylmar,Hansman,ahansman19@reuters.com,Polygender,13.204.127.86,11/3/2024
47,Berkly,Nunes Nabarro,bnunesnabarro1a@wordpress.org,Male,192.98.195.89,11/3/2024
48,Hyman,Akrigg,hakrigg1b@webeden.co.uk,Male,121.237.119.48,1/8/2025
49,Dallis,Yukhtin,dyukhtin1c@cmu.edu,Male,193.212.176.35,3/29/2025
50,Donn,Plumbe,dplumbe1d@scribd.com,Male,207.211.173.221,2/4/2025
51,Lisha,Hadwin,lhadwin1e@usa.gov,Female,122.188.33.34,8/11/2024
52,Berti,Gilliland,bgilliland1f@shinystat.com,Female,204.228.177.183,12/5/2024
53,Huntley,Graver,hgraver1g@boston.com,Male,2.207.173.75,2/28/2025
54,Skipper,Hawksby,shawksby1h@timesonline.co.uk,Male,37.167.29.236,9/12/2024
55,Iggy,Scandroot,iscandroot1i@free.fr,Male,140.153.199.92,4/26/2024
56,Fredrick,Charters,fcharters1j@elegantthemes.com,Male,164.242.161.113,1/6/2025
57,Maurene,Agostini,magostini1k@mediafire.com,Female,169.173.209.2,10/22/2024
58,Cissiee,Sandom,csandom1l@nifty.com,Non-binary,236.81.91.143,8/7/2024
59,Fons,Buncher,fbuncher1m@cnbc.com,Male,14.238.147.72,9/14/2024
60,Clarita,Seabourne,cseabourne1n@cbsnews.com,Female,225.217.160.185,6/6/2024
61,Murial,Asmus,masmus1o@csmonitor.com,Female,238.223.243.84,5/7/2024
62,Johnathan,Rutherfoord,jrutherfoord1p@miitbeian.gov.cn,Male,178.22.198.162,8/21/2024
63,Eadie,Fucher,efucher1q@parallels.com,Female,209.212.205.233,6/29/2024
64,Heinrick,Gilman,hgilman1r@hostgator.com,Male,102.48.139.118,5/27/2024
65,Rosalind,Rehme,rrehme1s@1688.com,Female,237.62.125.176,3/16/2025
66,Courtenay,Kelcey,ckelcey1t@bravesites.com,Female,101.6.128.252,10/25/2024
67,Amby,Sheardown,asheardown1u@nydailynews.com,Male,112.246.103.196,5/13/2024
68,Saxon,Ginnety,sginnety1v@mediafire.com,Male,70.104.100.245,10/1/2024
69,Flss,Yesipov,fyesipov1w@mapquest.com,Genderfluid,103.84.35.73,7/20/2024
70,Christina,Lomb,clomb1x@shutterfly.com,Female,127.199.32.200,4/29/2024
71,Bevin,Riatt,briatt1y@e-recht24.de,Male,164.149.205.177,11/2/2024
72,Eugenius,Faulconer,efaulconer1z@youku.com,Genderfluid,111.66.182.183,5/4/2024
73,Fran,Millis,fmillis20@google.it,Agender,4.161.13.59,7/14/2024
74,Matthew,Biddy,mbiddy21@boston.com,Male,143.92.133.23,6/25/2024
75,Cosme,Ambrosoni,cambrosoni22@joomla.org,Male,79.239.217.248,3/5/2025
76,Cathee,Lyvon,clyvon23@creativecommons.org,Female,243.224.218.50,10/6/2024
77,Torey,Speariett,tspeariett24@netscape.com,Female,217.143.55.55,2/6/2025
78,Tracee,Perrelle,tperrelle25@symantec.com,Female,167.93.234.27,3/26/2025
79,Gordon,Warnock,gwarnock26@dmoz.org,Polygender,136.127.21.52,11/16/2024
80,Theo,Devonside,tdevonside27@unblog.fr,Male,157.97.163.162,8/24/2024
81,Chase,Mayhead,cmayhead28@vimeo.com,Male,152.42.35.212,1/25/2025
82,Doralin,Becerra,dbecerra29@tiny.cc,Female,235.23.146.81,4/30/2024
83,Celestyna,Tesyro,ctesyro2a@wikispaces.com,Female,75.140.224.158,10/13/2024
84,Terrill,De Roeck,tderoeck2b@boston.com,Genderqueer,4.107.131.129,3/21/2025
85,Barn,Dunkinson,bdunkinson2c@over-blog.com,Male,86.71.184.123,2/9/2025
86,Lorna,Villar,lvillar2d@guardian.co.uk,Female,224.157.205.56,5/25/2024
87,Levey,Mapis,lmapis2e@github.com,Male,176.87.65.208,1/31/2025
88,Roseanna,Mouncher,rmouncher2f@indiegogo.com,Female,184.39.68.42,5/15/2024
89,Ringo,Ghidini,rghidini2g@etsy.com,Male,43.8.52.0,10/23/2024
90,Leticia,Carlin,lcarlin2h@yale.edu,Female,12.180.206.66,5/25/2024
91,Ginelle,Ramsey,gramsey2i@imgur.com,Female,136.86.219.161,3/2/2025
92,Ellynn,Rothermel,erothermel2j@taobao.com,Female,138.170.189.254,10/21/2024
93,Brigid,Pennoni,bpennoni2k@hubpages.com,Female,7.130.156.72,5/11/2024
94,Agatha,Borell,aborell2l@forbes.com,Female,197.159.55.148,4/7/2025
95,Albertina,Retchford,aretchford2m@hubpages.com,Female,154.176.191.131,6/28/2024
96,Ken,Roaf,kroaf2n@webmd.com,Male,106.155.46.53,11/18/2024
97,Arielle,Krochmann,akrochmann2o@bluehost.com,Female,54.41.62.95,12/16/2024
98,Rafferty,Wicks,rwicks2p@live.com,Male,133.166.155.18,1/26/2025
99,Tallie,Farfoot,tfarfoot2q@indiatimes.com,Female,160.251.254.9,4/2/2025
100,Bink,Dhennin,bdhennin2r@google.pl,Male,142.58.230.179,6/17/2024
